{
  "lang":"en",
  "name":"pipeline",
  "version":"0.0.0",
  "spacy_version":">=3.8.5,<3.9.0",
  "description":"",
  "author":"",
  "email":"",
  "url":"",
  "license":"",
  "spacy_git_version":"d0c705c",
  "vectors":{
    "width":0,
    "vectors":0,
    "keys":0,
    "name":null,
    "mode":"default"
  },
  "labels":{
    "tok2vec":[

    ],
    "ner":[
      "B-DES",
      "B-EMAIL",
      "B-NAME",
      "B-ORG",
      "B-PHOE",
      "B-PHONE",
      "B-WEB",
      "DES",
      "EMAIL",
      "I-DE",
      "I-DES",
      "I-EMAIL",
      "I-NAME",
      "I-OR",
      "I-ORG",
      "I-PHONE",
      "I-WEB",
      "NAME",
      "ORG",
      "PHONE",
      "WEB"
    ]
  },
  "pipeline":[
    "tok2vec",
    "ner"
  ],
  "components":[
    "tok2vec",
    "ner"
  ],
  "disabled":[

  ],
  "performance":{
    "ents_f":0.6556169429,
    "ents_p":0.6899224806,
    "ents_r":0.6245614035,
    "ents_per_type":{
      "I-NAME":{
        "p":0.78125,
        "r":0.641025641,
        "f":0.7042253521
      },
      "B-NAME":{
        "p":0.8421052632,
        "r":0.6666666667,
        "f":0.7441860465
      },
      "B-PHONE":{
        "p":0.7142857143,
        "r":0.6756756757,
        "f":0.6944444444
      },
      "I-PHONE":{
        "p":0.5,
        "r":0.6206896552,
        "f":0.5538461538
      },
      "B-DES":{
        "p":0.5909090909,
        "r":0.5909090909,
        "f":0.5909090909
      },
      "I-DES":{
        "p":0.7083333333,
        "r":0.4722222222,
        "f":0.5666666667
      },
      "B-EMAIL":{
        "p":0.9444444444,
        "r":0.85,
        "f":0.8947368421
      },
      "I-ORG":{
        "p":0.619047619,
        "r":0.6046511628,
        "f":0.6117647059
      },
      "B-WEB":{
        "p":0.8461538462,
        "r":0.9166666667,
        "f":0.88
      },
      "B-ORG":{
        "p":0.5714285714,
        "r":0.4,
        "f":0.4705882353
      },
      "I-EMAIL":{
        "p":1.0,
        "r":1.0,
        "f":1.0
      },
      "ORG":{
        "p":0.0,
        "r":0.0,
        "f":0.0
      },
      "I-WEB":{
        "p":0.0,
        "r":0.0,
        "f":0.0
      }
    },
    "tok2vec_loss":654.0363535887,
    "ner_loss":404.6499633789
  }
}