{
  "lang":"en",
  "name":"pipeline",
  "version":"0.0.0",
  "spacy_version":">=3.8.5,<3.9.0",
  "description":"",
  "author":"",
  "email":"",
  "url":"",
  "license":"",
  "spacy_git_version":"d0c705c",
  "vectors":{
    "width":0,
    "vectors":0,
    "keys":0,
    "name":null,
    "mode":"default"
  },
  "labels":{
    "tok2vec":[

    ],
    "ner":[
      "B-DES",
      "B-EMAIL",
      "B-NAME",
      "B-ORG",
      "B-PHOE",
      "B-PHONE",
      "B-WEB",
      "DES",
      "EMAIL",
      "I-DE",
      "I-DES",
      "I-EMAIL",
      "I-NAME",
      "I-OR",
      "I-ORG",
      "I-PHONE",
      "I-WEB",
      "NAME",
      "ORG",
      "PHONE",
      "WEB"
    ]
  },
  "pipeline":[
    "tok2vec",
    "ner"
  ],
  "components":[
    "tok2vec",
    "ner"
  ],
  "disabled":[

  ],
  "performance":{
    "ents_f":0.5543710021,
    "ents_p":0.5777777778,
    "ents_r":0.5327868852,
    "ents_per_type":{
      "NAME":{
        "p":0.0,
        "r":0.0,
        "f":0.0
      },
      "I-PHONE":{
        "p":0.6666666667,
        "r":0.4137931034,
        "f":0.5106382979
      },
      "B-WEB":{
        "p":0.6875,
        "r":1.0,
        "f":0.8148148148
      },
      "B-PHONE":{
        "p":0.8125,
        "r":0.6666666667,
        "f":0.7323943662
      },
      "B-EMAIL":{
        "p":0.7058823529,
        "r":0.6666666667,
        "f":0.6857142857
      },
      "B-NAME":{
        "p":0.7,
        "r":0.2916666667,
        "f":0.4117647059
      },
      "B-DES":{
        "p":0.4545454545,
        "r":0.3125,
        "f":0.3703703704
      },
      "B-ORG":{
        "p":0.25,
        "r":0.3125,
        "f":0.2777777778
      },
      "I-ORG":{
        "p":0.3888888889,
        "r":0.75,
        "f":0.512195122
      },
      "ORG":{
        "p":0.0,
        "r":0.0,
        "f":0.0
      },
      "I-NAME":{
        "p":0.7222222222,
        "r":0.4482758621,
        "f":0.5531914894
      },
      "I-DES":{
        "p":0.652173913,
        "r":0.7142857143,
        "f":0.6818181818
      },
      "I-EMAIL":{
        "p":1.0,
        "r":0.2222222222,
        "f":0.3636363636
      },
      "I-OR":{
        "p":0.0,
        "r":0.0,
        "f":0.0
      },
      "I-WEB":{
        "p":1.0,
        "r":1.0,
        "f":1.0
      },
      "DES":{
        "p":0.0,
        "r":0.0,
        "f":0.0
      }
    },
    "tok2vec_loss":542.5591845353,
    "ner_loss":463.075012207
  }
}