{
  "lang":"en",
  "name":"pipeline",
  "version":"0.0.0",
  "spacy_version":">=3.8.5,<3.9.0",
  "description":"",
  "author":"",
  "email":"",
  "url":"",
  "license":"",
  "spacy_git_version":"d0c705c",
  "vectors":{
    "width":0,
    "vectors":0,
    "keys":0,
    "name":null,
    "mode":"default"
  },
  "labels":{
    "tok2vec":[

    ],
    "ner":[
      "B-DES",
      "B-EMAIL",
      "B-NAME",
      "B-ORG",
      "B-PHOE",
      "B-PHONE",
      "B-WEB",
      "DES",
      "EMAIL",
      "I-DE",
      "I-DES",
      "I-EMAIL",
      "I-NAME",
      "I-OR",
      "I-ORG",
      "I-PHONE",
      "I-WEB",
      "NAME",
      "ORG",
      "PHONE",
      "WEB"
    ]
  },
  "pipeline":[
    "tok2vec",
    "ner"
  ],
  "components":[
    "tok2vec",
    "ner"
  ],
  "disabled":[

  ],
  "performance":{
    "ents_f":0.6220302376,
    "ents_p":0.6575342466,
    "ents_r":0.5901639344,
    "ents_per_type":{
      "B-NAME":{
        "p":0.6428571429,
        "r":0.375,
        "f":0.4736842105
      },
      "B-PHONE":{
        "p":0.7837837838,
        "r":0.7435897436,
        "f":0.7631578947
      },
      "I-PHONE":{
        "p":0.7083333333,
        "r":0.5862068966,
        "f":0.641509434
      },
      "B-WEB":{
        "p":0.75,
        "r":0.8181818182,
        "f":0.7826086957
      },
      "B-EMAIL":{
        "p":0.7,
        "r":0.7777777778,
        "f":0.7368421053
      },
      "B-DES":{
        "p":0.5555555556,
        "r":0.625,
        "f":0.5882352941
      },
      "B-ORG":{
        "p":0.3076923077,
        "r":0.25,
        "f":0.275862069
      },
      "I-ORG":{
        "p":0.5,
        "r":0.6785714286,
        "f":0.5757575758
      },
      "ORG":{
        "p":0.0,
        "r":0.0,
        "f":0.0
      },
      "I-NAME":{
        "p":0.7333333333,
        "r":0.3793103448,
        "f":0.5
      },
      "I-DES":{
        "p":0.75,
        "r":0.7142857143,
        "f":0.7317073171
      },
      "I-EMAIL":{
        "p":0.8571428571,
        "r":0.6666666667,
        "f":0.75
      },
      "I-WEB":{
        "p":1.0,
        "r":1.0,
        "f":1.0
      }
    },
    "tok2vec_loss":502.701120206,
    "ner_loss":446.7719116211
  }
}