{
  "lang":"en",
  "name":"pipeline",
  "version":"0.0.0",
  "spacy_version":">=3.8.5,<3.9.0",
  "description":"",
  "author":"",
  "email":"",
  "url":"",
  "license":"",
  "spacy_git_version":"d0c705c",
  "vectors":{
    "width":0,
    "vectors":0,
    "keys":0,
    "name":null,
    "mode":"default"
  },
  "labels":{
    "tok2vec":[

    ],
    "ner":[
      "B-DES",
      "B-EMAIL",
      "B-NAME",
      "B-ORG",
      "B-PHOE",
      "B-PHONE",
      "B-WEB",
      "DES",
      "EMAIL",
      "I-DE",
      "I-DES",
      "I-EMAIL",
      "I-NAME",
      "I-OR",
      "I-ORG",
      "I-PHONE",
      "I-WEB",
      "NAME",
      "ORG",
      "PHONE",
      "WEB"
    ]
  },
  "pipeline":[
    "tok2vec",
    "ner"
  ],
  "components":[
    "tok2vec",
    "ner"
  ],
  "disabled":[

  ],
  "performance":{
    "ents_f":0.6854990584,
    "ents_p":0.7398373984,
    "ents_r":0.6385964912,
    "ents_per_type":{
      "B-NAME":{
        "p":0.6818181818,
        "r":0.625,
        "f":0.652173913
      },
      "I-NAME":{
        "p":0.7878787879,
        "r":0.6666666667,
        "f":0.7222222222
      },
      "B-PHONE":{
        "p":0.8125,
        "r":0.7027027027,
        "f":0.7536231884
      },
      "I-PHONE":{
        "p":0.6285714286,
        "r":0.7586206897,
        "f":0.6875
      },
      "B-DES":{
        "p":0.8,
        "r":0.5454545455,
        "f":0.6486486486
      },
      "I-DES":{
        "p":0.7142857143,
        "r":0.4166666667,
        "f":0.5263157895
      },
      "B-EMAIL":{
        "p":1.0,
        "r":0.85,
        "f":0.9189189189
      },
      "I-ORG":{
        "p":0.6829268293,
        "r":0.6511627907,
        "f":0.6666666667
      },
      "B-WEB":{
        "p":0.9166666667,
        "r":0.9166666667,
        "f":0.9166666667
      },
      "B-ORG":{
        "p":0.5714285714,
        "r":0.4,
        "f":0.4705882353
      },
      "I-EMAIL":{
        "p":1.0,
        "r":0.5,
        "f":0.6666666667
      },
      "WEB":{
        "p":0.0,
        "r":0.0,
        "f":0.0
      },
      "I-WEB":{
        "p":1.0,
        "r":1.0,
        "f":1.0
      }
    },
    "tok2vec_loss":582.8473522,
    "ner_loss":443.9391784668
  }
}